"Nombre Estación","Red","Código","Latitud(°)","Longitud(°)","Localizador","Elevación(msnn)","Dist.Epi(km)","Dist.Hip(km)","PGA EW(cm/s^2)","PGA NS(cm/s^2)","PGA Z(cm/s^2)"
"Murindo, Antioquia, Colombia","CM","MRND","6.99","-76.78","10","24","23","55","47.38185","44.253006","28.825777"
"Dabeiba, Antioquia, Colombia","CM","DBB","7.02","-76.21","10","756","69","86","3.143394","3.391515","2.876996"
"Bahia Solano, Choco, Colombia","CM","SOL","6.23","-77.41","10","38","92","105","1.53492","2.32278","0.910545"
"Quibdo, Choco, Colombia","CM","QUBC","5.75","-76.52","10","92","119","129","3.858422","3.430333","1.104652"
"Apartado, Antioquia, Colombia","CM","APAC","7.9","-76.58","10","103.9","127","136","0.291812","0.434381","0.295025"
"Medellin, Antioquia, Colombia","CM","MEDEC","6.28","-75.59","10","1552","144","153","1.145479","1.574781","1.077858"
"Santa Helena, Medellin, Colombia","CM","HEL","6.19","-75.53","00","2857","154","162","0.245702","0.363627","0.154527"
"San Jose de Ure, Cordoba, Colombia","CM","URE","7.75","-75.53","10","251","176","183","2.776549","2.371875","0.51162"
"San Jose del Palmar, Choco, Colombia","CM","PAL","4.9","-76.28","10","675","216","222","0.878001","1.136871","0.459166"
"Villamaria, Caldas, Colombia","CM","GUY2C","5.22","-75.36","10","3605","235","240","0.083871","0.113241","0.084588"
"Los Cordobas, Cordoba, Colombia","CM","LCBC","8.86","-76.37","00","75","236","241","0.095294","0.073794","0.072256"
"Barrio Niza, Manizales","CM","NIZA","5.06","-75.47","10","2240","241","246","0.094689","0.080787","0.061777"
"Norcasia, Caldas, Colombia","CM","NOR","5.56","-74.87","10","536","252","257","0.112904","0.173807","0.115906"
"San Carlos, Cordoba, Colombia","CM","SCLC","8.77","-75.69","10","56","252","257","0.055263","0.05971","0.023997"
"Pirana, Nevado del Ruiz, Colombia","CM","PIRM","4.9","-75.28","00","4473.6","268","272","0.060537","0.069","0.04414"
"Salento, Quindio, Colombia","CM","SLNT","4.64","-75.57","10","1990","274","279","0.388126","0.41509","0.573486"
"Calarca, Quindio, Colombia","CM","CCALA","4.51","-75.63","10","1795","284","288","0.06559","0.078759","0.061966"
"Genova, Quindio, Colombia","CM","CGENO","4.25","-75.79","10","1513","303","307","0.039885","0.045581","0.044168"
"Bahia Malaga, Valle del Cauca, Colombia","CM","MAL","4.01","-77.33","10","112","314","318","0.084253","0.127237","0.041804"
"Yotoco, Valle, Colombia","CM","YOT","3.98","-76.34","10","1040","315","319","0.278842","0.293871","0.200525"
"Barrancabermeja, Santander, Colombia","CM","BRJC","6.97","-73.74","10","108","337","341","0.120688","0.259813","0.07296"
"Cerro Tablazo, Cundinamarca, Colombia","CM","TABC","5.01","-74.2","20","3500","348","351","","","0.022463"
"Ortega, Tolima, Colombia","CM","ORTC","3.91","-75.25","10","446","363","366","0.03494","0.042089","0.041395"
"Cali SGC, Valle","CM","RAC2C","3.37","-76.53","10","988","381","384","0.163898","0.235541","0.190846"
"San Jacinto, Bolivar, Colombia","CM","SJC","9.9","-75.18","10","596","390","393","0.025107","0.01882","0.019042"
"Jamundi, Valle del Cauca, Colombia","CM","JAMC","3.21","-76.67","10","1760","397","400","0.248853","0.284188","0.090434"
"Barichara, Santander, Colombia","CM","BAR2","6.59","-73.18","10","1864","400","403","0.139178","0.168576","0.062208"
"Floridablanca, Santander, Colombia","CM","CBUCF","7.07","-73.07","10","1147","412","415","0.166236","0.164937","0.060213"
"Ocana, Norte de Santander, Colombia","CM","OCA","8.24","-73.32","10","1264","416","419","0.195363","0.173321","0.118939"
"La Rusia, Boyaca, Colombia","CM","RUS","5.89","-73.08","00","3697","422","425","0.061222","0.068906","0.040108"
"Ariguani, Magdalena, Colombia","CM","ARGC","9.86","-74.25","10","187","443","445","0.013157","0.0125","0.010122"
"Volcan Nevado del Huila, Cauca, Colombia","CM","MARO","2.84","-75.95","00","2207","448","451","0.065885","0.053579","0.043093"
"Villavicencio, Meta, Colombia","CM","VIL","4.11","-73.69","10","1109","454","457","0.068897","0.073743","0.021961"
"Pamplona, Norte de Santander, Colombia","CM","PAM","7.34","-72.7","10","3676","456","459","0.078102","0.06788","0.043799"
"Bochalema, Norte de Santander, Colombia","CM","BLMC","7.71","-72.6","10","996","474","477","0.070689","0.060145","0.031256"
"Uribe, Meta, Colombia","CM","URMC","3.25","-74.38","10","725","476","478","0.016024","0.014066","0.012076"
"Volcan Purace, Cauca, Colombia","CM","COBO","2.33","-76.4","00","4294","498","500","0.036608","0.028844","0.015166"
"Yopal, Casanare, Colombia","CM","YPLC","5.4","-72.38","10","696","512","514","0.04163","0.040284","0.018485"
"Volcan Sotara, Cauca, Colombia","CM","SOTO","2.13","-76.61","00","3795","518","520","0.034558","0.02954","0.019829"
"Garzon, Huila, Colombia","CM","GARC","2.19","-75.49","10","1999","531","534","0.04419","0.024365","0.024575"
"Balboa, Cauca - Colombia","CM","BBAC","2.02","-77.25","00","1713","532","535","0.024193","0.013689","0.008911"
"Tame, Arauca, Colombia","CM","TAM","6.44","-71.79","10","462.1","554","556","0.025585","0.03932","0.016943"
"Puerto Gaitan, Meta, Colombia","CM","PTGC","4.2","-72.13","00","170","591","593","0.011612","0.007773","0.013884"
"Florencia, Caqueta, Colombia","CM","FLO2","1.58","-75.65","10","365","592","595","0.006312","0.007044","0.008948"
"Cerrejon, Guajira, Colombia","CM","CRJC","11.02","-72.88","00","827","638","640","0.040511","0.041562","0.029943"
"Uribia, Guajira, Colombia","CM","URI","11.7","-71.99","10","68","760","762","0.007046","0.007053","0.006503"